supplier_id,supplier_name,supplier_region,primary_component,effective_otd,defect_rate_pct,lead_time_days,annual_contract_value_usd,composite_risk_score,risk_score_0_100,risk_tier_calculated,recommended_action,otd_risk_score,defect_risk_score,lead_time_risk_score,concentration_risk_score,base_risk_score_component
SUP-008,Continental Ag,International - Europe,Tires & Chassis,75.14506769825918,3.83,28,230859187.58,74.82,74.8,High Risk (Orange),Corrective Action Plan Required,24.854932301740817,19.15,7.924528301886793,14.363650178753295,8.522222222222222
SUP-047,Tokai Rika,International - Asia,Switches & Locks,69.23868312757202,3.43,21,2009762.37,62.52,62.5,High Risk (Orange),Corrective Action Plan Required,30.0,17.150000000000002,5.283018867924528,0.12504385867293516,9.966666666666667
SUP-043,Samvardhana Motherson,International - Asia,Wiring Harnesses,81.92660550458716,2.76,33,203293483.09,60.02,60.0,High Risk (Orange),Corrective Action Plan Required,18.073394495412842,13.799999999999999,9.81132075471698,12.648560818976172,5.688888888888889
SUP-039,Jtekt Corporation,International - Asia,Bearings & Driveshafts,88.50141376060321,1.88,35,241086894.39,49.98,50.0,Moderate Risk (Yellow),Enhanced Monitoring — Quarterly Review,11.498586239396786,9.4,10.566037735849056,15.0,3.5111111111111115
SUP-024,Gestamp,International - Europe,Body Components,86.4186046511628,2.0,31,191596805.76,49.01,49.0,Moderate Risk (Yellow),Enhanced Monitoring — Quarterly Review,13.581395348837205,10.0,9.056603773584905,11.920814251109322,4.455555555555556
SUP-042,Sl Corporation,International - Asia,Lighting,79.80392156862746,2.5,25,37168046.58,48.3,48.3,Moderate Risk (Yellow),Enhanced Monitoring — Quarterly Review,20.19607843137254,12.5,6.792452830188679,2.312530094639293,6.499999999999999
SUP-027,Trelleborg,International - Europe,Sealing Solutions,81.80924287118977,2.51,31,32436053.13,48.09,48.1,Moderate Risk (Yellow),Enhanced Monitoring — Quarterly Review,18.190757128810233,12.55,9.056603773584905,2.0181138347691996,6.277777777777778
SUP-044,Minda Industries,International - Asia,Switches & Sensors,81.64383561643835,2.86,26,25325056.59,48.02,48.0,Moderate Risk (Yellow),Enhanced Monitoring — Quarterly Review,18.356164383561648,14.299999999999999,7.169811320754716,1.5756802119466715,6.622222222222223
SUP-037,Koyo Bearings,International - Asia,Bearings,83.7863167760075,3.04,30,10164527.9,46.86,46.9,Moderate Risk (Yellow),Enhanced Monitoring — Quarterly Review,16.213683223992504,15.2,8.679245283018869,0.6324189412525951,6.133333333333333
SUP-009,Zf Friedrichshafen,International - Europe,Transmissions,87.76908023483367,1.64,31,208040689.74,46.13,46.1,Moderate Risk (Yellow),Enhanced Monitoring — Quarterly Review,12.230919765166334,8.2,9.056603773584905,12.943923617232674,3.7
SUP-017,Dorman Products,Southeast,Replacement Parts,80.05698005698005,2.73,12,46520033.79,45.29,45.3,Moderate Risk (Yellow),Enhanced Monitoring — Quarterly Review,19.943019943019948,13.65,1.8867924528301887,2.894394191835191,6.911111111111111
SUP-030,Dana Incorporated,Southeast,Axles & Drivetrains,87.38049713193116,2.78,7,224817860.7,45.01,45.0,Moderate Risk (Yellow),Enhanced Monitoring — Quarterly Review,12.619502868068835,13.899999999999999,0.0,13.987769509547746,4.5
SUP-025,Nemak,International - Europe,Aluminum Castings,83.5010060362173,2.0,15,160214779.14,44.7,44.7,Moderate Risk (Yellow),Enhanced Monitoring — Quarterly Review,16.498993963782695,10.0,3.0188679245283017,9.968280080842431,5.211111111111112
SUP-029,Eaton,International - Europe,Power Management,91.2961210974456,1.24,39,205219439.05,42.34,42.3,Moderate Risk (Yellow),Enhanced Monitoring — Quarterly Review,8.703878902554393,6.2,12.075471698113207,12.768390391102422,2.588888888888889
SUP-020,Shiloh Industries,Southwest,Metal Stampings,79.80427046263345,2.68,10,11494336.62,42.01,42.0,Moderate Risk (Yellow),Enhanced Monitoring — Quarterly Review,20.195729537366546,13.4,1.1320754716981132,0.7151572869037363,6.566666666666667
SUP-002,Denso Corporation,International - Asia,Hvac/Thermal Systems,85.1129363449692,2.27,29,49934104.91,42.0,42.0,Moderate Risk (Yellow),Enhanced Monitoring — Quarterly Review,14.8870636550308,11.35,8.30188679245283,3.1068116562086674,4.355555555555555
SUP-040,Hyundai Mobis,International - Asia,Modules & Parts,89.90196078431373,1.76,41,82645891.26,40.0,40.0,Moderate Risk (Yellow),Enhanced Monitoring — Quarterly Review,10.09803921568627,8.799999999999999,12.830188679245282,5.14208112405558,3.133333333333333
SUP-035,Dorman Products,Northeast,Hardware & Fasteners,82.97029702970296,2.7,13,5136901.01,39.17,39.2,Moderate Risk (Yellow),Enhanced Monitoring — Quarterly Review,17.029702970297038,13.5,2.2641509433962264,0.31960889182699637,6.055555555555556
SUP-023,Plastic Omnium,International - Europe,Bumpers & Fuel Systems,86.78328474246841,2.57,24,40499243.66,38.99,39.0,Moderate Risk (Yellow),Enhanced Monitoring — Quarterly Review,13.21671525753159,12.85,6.415094339622641,2.5197912828777884,3.9888888888888885
SUP-018,Superior Industries,Southeast,Aluminum Wheels,82.48248248248248,2.65,13,9735217.91,38.92,38.9,Moderate Risk (Yellow),Enhanced Monitoring — Quarterly Review,17.51751751751752,13.25,2.2641509433962264,0.6057080332777188,5.277777777777778
SUP-032,Methode Electronics,Northeast,Connectors,82.96438883541867,2.74,12,955254.06,38.16,38.2,Moderate Risk (Yellow),Enhanced Monitoring — Quarterly Review,17.035611164581326,13.700000000000001,1.8867924528301887,0.05943421742710185,5.477777777777777
SUP-010,Valeo,International - Europe,Lighting Systems,92.87072243346007,0.73,41,201538260.28,37.79,37.8,Moderate Risk (Yellow),Enhanced Monitoring — Quarterly Review,7.129277566539926,3.65,12.830188679245282,12.539353961354914,1.6444444444444444
SUP-011,Faurecia,International - Europe,Interiors,90.9090909090909,1.58,23,193961234.94,37.85,37.8,Moderate Risk (Yellow),Enhanced Monitoring — Quarterly Review,9.090909090909093,7.9,6.037735849056603,12.067924851168017,2.7555555555555555
SUP-041,Hanon Systems,International - Asia,Thermal Systems,86.90153568202349,1.55,14,144664986.67,36.74,36.7,Moderate Risk (Yellow),Enhanced Monitoring — Quarterly Review,13.098464317976507,7.75,2.641509433962264,9.00079950650361,4.2444444444444445
SUP-014,Sensata Technologies,International - Europe,Sensors,87.86359077231694,1.95,30,28283221.28,36.7,36.7,Moderate Risk (Yellow),Enhanced Monitoring — Quarterly Review,12.13640922768306,9.75,8.679245283018869,1.7597319849070874,4.377777777777778
SUP-005,Aptiv,International - Europe,Electrical Systems,88.91050583657587,1.41,19,153848488.72,36.24,36.2,Moderate Risk (Yellow),Enhanced Monitoring — Quarterly Review,11.089494163424135,7.049999999999999,4.528301886792453,9.572180755154818,3.9999999999999996
SUP-001,Bosch Automotive,International - Europe,Electronics/Sensors,86.96479543292102,2.06,21,43224566.91,36.03,36.0,Moderate Risk (Yellow),Enhanced Monitoring — Quarterly Review,13.035204567078978,10.3,5.283018867924528,2.689356073421192,4.722222222222222
SUP-045,Flex-N-Gate,West,Bumpers & Lighting,91.0292728989613,1.88,5,223051308.75,35.43,35.4,Moderate Risk (Yellow),Enhanced Monitoring — Quarterly Review,8.970727101038705,9.4,0.0,13.877857772880992,3.1777777777777776
SUP-007,Delphi Technologies,International - Europe,Engine Management,88.07251908396947,1.47,26,81369213.64,35.38,35.4,Moderate Risk (Yellow),Enhanced Monitoring — Quarterly Review,11.927480916030532,7.35,7.169811320754716,5.062648501438519,3.866666666666667
SUP-046,Showa Denko,International - Asia,Aluminum Products,86.84461391801716,1.46,34,2279142.55,34.97,35.0,Moderate Risk (Yellow),Enhanced Monitoring — Quarterly Review,13.15538608198284,7.3,10.18867924528302,0.14180421684264743,4.188888888888888
SUP-034,Stoneridge,Midwest,Electronic Systems,84.1951219512195,2.15,3,37451324.55,34.55,34.6,Moderate Risk (Yellow),Enhanced Monitoring — Quarterly Review,15.804878048780495,10.75,0.0,2.330155148712644,5.666666666666666
SUP-050,Visteon Corporation,West,Cockpit Electronics,86.44906033630069,2.27,4,84124335.87,34.64,34.6,Moderate Risk (Yellow),Enhanced Monitoring — Quarterly Review,13.55093966369931,11.35,0.0,5.2340673317924695,4.5
SUP-028,Parker Hannifin,Southwest,Fluid Systems,83.54186717998076,2.05,12,7307286.74,34.38,34.4,Moderate Risk (Yellow),Enhanced Monitoring — Quarterly Review,16.458132820019244,10.25,1.8867924528301887,0.45464645175895746,5.333333333333333
SUP-031,American Axle,Southwest,Driveline Components,91.74664107485604,1.59,11,182859141.32,31.75,31.8,Moderate Risk (Yellow),Enhanced Monitoring — Quarterly Review,8.253358925143957,7.95,1.5094339622641508,11.377172229706119,2.6555555555555554
SUP-049,Panasonic Automotive,International - Asia,Infotainment,91.5433403805497,1.42,19,137455604.79,31.3,31.3,Moderate Risk (Yellow),Enhanced Monitoring — Quarterly Review,8.456659619450306,7.1,4.528301886792453,8.552244521905138,2.6666666666666665
SUP-033,Cts Corporation,West,Electronic Components,85.67518248175182,1.96,5,32772082.35,31.1,31.1,Moderate Risk (Yellow),Enhanced Monitoring — Quarterly Review,14.324817518248182,9.8,0.0,2.0390209782817226,4.933333333333334
SUP-019,Strattec Security,Midwest,Locks & Keys,86.67305848513902,2.35,6,11782790.55,30.42,30.4,Moderate Risk (Yellow),Enhanced Monitoring — Quarterly Review,13.326941514860977,11.75,0.0,0.7331043800501629,4.611111111111112
SUP-015,Gentex Corporation,Midwest,Mirrors & Vision,88.54064642507346,2.45,11,1758246.77,29.72,29.7,Moderate Risk (Yellow),Enhanced Monitoring — Quarterly Review,11.459353574926538,12.250000000000002,1.5094339622641508,0.10939500306199121,4.388888888888889
SUP-048,Aisin Seiki,International - Asia,Drivetrain,92.47910863509749,1.16,29,57876151.74,27.62,27.6,Moderate Risk (Yellow),Enhanced Monitoring — Quarterly Review,7.52089136490251,5.8,8.30188679245283,3.6009517576497916,2.4000000000000004
SUP-012,Autoliv,International - Europe,Safety Systems,90.27504911591355,1.49,20,20571795.82,26.9,26.9,Moderate Risk (Yellow),Enhanced Monitoring — Quarterly Review,9.724950884086454,7.449999999999999,4.90566037735849,1.279940737055674,3.544444444444445
SUP-004,Borgwarner,Northeast,Powertrain,93.54838709677419,0.72,12,197368110.54,25.73,25.7,Moderate Risk (Yellow),Enhanced Monitoring — Quarterly Review,6.451612903225808,3.5999999999999996,1.8867924528301887,12.279894623018542,1.5111111111111108
SUP-038,Nsk Ltd,International - Asia,Steering Systems,92.47524752475248,1.52,21,48392116.45,25.71,25.7,Moderate Risk (Yellow),Enhanced Monitoring — Quarterly Review,7.524752475247524,7.6,5.283018867924528,3.010871862556577,2.2888888888888888
SUP-003,Magna International,International - Canada/Mexico,Body & Chassis,92.7663734115347,0.77,8,154903959.21,23.72,23.7,Low Risk (Green),Standard Monitoring,7.233626588465299,3.85,0.3773584905660377,9.637850261537812,2.622222222222222
SUP-006,Lear Corporation,West,Seating,94.54713493530498,1.12,11,112837360.97,20.81,20.8,Low Risk (Green),Standard Monitoring,5.452865064695018,5.6000000000000005,1.5094339622641508,7.02054094990327,1.2222222222222223
SUP-021,Tower International,Southeast,Metal Stampings,93.96299902629016,0.76,8,132103702.33,20.09,20.1,Low Risk (Green),Standard Monitoring,6.037000973709837,3.8,0.3773584905660377,8.219258620273607,1.6555555555555557
SUP-016,Modine Manufacturing,Southwest,Thermal Management,92.13483146067416,1.46,11,12839965.34,19.55,19.6,Low Risk (Green),Standard Monitoring,7.865168539325837,7.3,1.5094339622641508,0.7988799249636391,2.077777777777778
SUP-013,Tenneco,Southwest,Exhaust Systems,96.97256385998108,0.2,4,222367121.93,18.24,18.2,Low Risk (Green),Standard Monitoring,3.0274361400189207,1.0,0.0,13.83528887951179,0.3777777777777779
SUP-036,Nn Inc,Northeast,Precision Components,92.23484848484848,0.95,9,31741361.99,17.41,17.4,Low Risk (Green),Standard Monitoring,7.765151515151516,4.75,0.7547169811320754,1.974891381195497,2.166666666666667
SUP-022,Martinrea International,International - Canada/Mexico,Metal Stampings,95.635305528613,1.06,10,78715185.91,16.35,16.4,Low Risk (Green),Standard Monitoring,4.364694471386997,5.300000000000001,1.1320754716981132,4.897519592002241,0.6555555555555557
SUP-026,Linamar,International - Canada/Mexico,Drivetrain,94.49901768172889,0.7,6,50697035.05,12.91,12.9,Low Risk (Green),Standard Monitoring,5.500982318271113,3.4999999999999996,0.0,3.1542798196231723,0.7555555555555554
